Title,Application_date,Place_of_work,Company,Url,Description,Date_of_announcement,Region,Site
Tržnik / skrbnik strank m/ž,/,Regija bivanja,"Zaposlitev.info, Miran Trupi s.p.",https://www.zaposlitev.info/delo/trznik-skrbnik-strankm-z/,"        Zaposlitev.info je že uveljavljen portal na slovenskem področju, ker pa bi radi naredili korak naprej v svoj kolektiv vabimo novega sodelavca/-ko na delovnem mestu Tržnik / skrbnik strank.Vaše naloge bodo obsegale: 	Kontaktiranje potenci",16.2.2021,Zasavska,zaposlitev.info
Voznik tovornega vozila-hladilnik,/,kjerkoli,O.T.I. ROSSI d.o.o.,https://www.zaposlitev.info/delo/voznik-tovornega-vozila-hladilnik-2/,"        V prijazno in urejeno okolje  vabimo osebo, ki bo opravljala prevoze s tovornimi vozili znamke Mercedes – hladilniki (temperaturno kontrolirana priklopna vozila).Delo obsega: 	Prevoz blaga s hladilnikom v domačem in mednarodnem cestnem pr",16.2.2021,Zasavska,zaposlitev.info
Samostojni monter klimatskih naprav,/,"Slovenija, Nemčija",MEŽNAR d.o.o.,https://www.zaposlitev.info/delo/samostojni-monter-klimatskih-naprav-2/,        SAMOSTOJNI MONTER KLIMATSKIH NAPRAV• montaža klimatskih naprav na vseh vrstah objektov• samostojnost pri delu• izpit B kategorije – terensko delo,15.2.2021,Zasavska,zaposlitev.info
Samostojni gradbeni delavec,/,"Slovenija, Nemčija",MEŽNAR d.o.o.,https://www.zaposlitev.info/delo/samostojni-gradbeni-delavec-3/,        SAMOSTOJNI GRADBENI DELAVECIzvaja vsa gradbena dela na gradbišču:• pripravlja material in pripomočke• izvaja pomožna tesarska dela• izvaja betonska dela• izvaja asfalterska dela in druga fizična dela• Upravlja oz. izvaja ,15.2.2021,Zasavska,zaposlitev.info
Ključavničar,/,"Slovenija, Nemčija",MEŽNAR d.o.o.,https://www.zaposlitev.info/delo/kljucavnicar-8/,"        KLJUČAVNIČARSodelovanje s projektnimi vodji•Samostojno opravljanje ključavničarskih del (rezanje, vrtanje, brušenje, krivljenje, varjenje, sestavljanje).•Montaža in demontaža delov naprav, polizdelkov in opreme.•Samostojno bran",15.2.2021,Zasavska,zaposlitev.info
"Monter vodja, Monter – (2 DELOVNI MESTI)",/,"Slovenija, Nemčija",MEŽNAR d.o.o.,https://www.zaposlitev.info/delo/monter-vodja-monter-2-delovni-mesti/,,15.2.2021,Zasavska,zaposlitev.info
Avtoklepar m/ž,/,Trbovlje,Ekoen avto d.o.o.,https://www.zaposlitev.info/delo/avtoklepar-m-z-5/,"        Ekoen avto d.o.o. se ukvarja z vzdrževanjem in popravilo športnih ter klasičnih vozil.Podjetje je bilo ustanovljeno leta 2007, svoj popolni fokus smo restavratorstvu starodobnikov dali leta 2016, ljubiteljsko smo pa se s tem ukvarjali že od l",10.2.2021,Zasavska,zaposlitev.info
Monter,/,Tujina,ES PROJEKT d.o.o.,https://www.zaposlitev.info/delo/monter-17/,        Ponujamo delo kulturnim in zanesljivim kandidatom / bodočim sodelavcem na področju: 	VODOVODA IN OGREVALNE TEHNIKENa delovno mesto bomo zaposlili 10 kandidatov.Delo je izključno v tujini ( pretežno Nemčija ).,09.2.2021,Zasavska,zaposlitev.info
Varnostnik - mobilno varovanje oz.  varnostnik - varovanje objektov m/ž,/,"LJUBLJANA Z OKOLICO, MARIBOR Z OKOLICO",PROTECT INFRA d.o.o.,https://www.zaposlitev.info/delo/varnostnik-mobilno-varovanje-oz-varnostnik-varovanje-objektov-m-z-2/,"        Družba za zasebno varovanje z več kot 35 letno tradicijo in jasnim pogledom v prihodnost…Poslovna politika in usmeritev družbe PROTECT Infra d.o.o. temelji na zaupanju in kakovosti, ki smo jo zasnovali kot široko mero konsenza med potrebnim",09.2.2021,Zasavska,zaposlitev.info
Vzdrževalec – elektro smer in strojna smer,/,Moravče,Termit d.d.,https://www.zaposlitev.info/delo/vzdrzevalec-elektro-smer-in-strojna-smer/,"        RAZPISUJE naslednja delovna mestaVzdrževalec – elektro smer in strojna smerK sodelovanju vabimo strokovno, motivirano in prilagodljivo osebo, ki je pripravljena in sposobna sprejemati nove izzive.Pričakujemo: 	Srednja poklicna izo",04.2.2021,Zasavska,zaposlitev.info
Avtoličar m/ž,/,Trbovlje,Ekoen avto d.o.o.,https://www.zaposlitev.info/delo/avtolicar-m-z/,,03.2.2021,Zasavska,zaposlitev.info
"VOZNIK TOVORNJAKA - AVSTRIJA , ITALIJA, SLOVENIJA",/,"AVSTRIJA, ITALIJA, SLOVENIJA .","Prevozništvo Luka, Denis Podbreznik s.p.",https://www.zaposlitev.info/delo/voznik-tovornjaka-avstrija-italija-slovenija-3/,"        Prevoz tovora po Sloveniji in EU ( Italija, Avstrija )",03.2.2021,Zasavska,zaposlitev.info
Monter oken,/,Tujina,ES PROJEKT d.o.o.,https://www.zaposlitev.info/delo/monter-oken/,        PONUJAMO DELO KULTURNIM IN ZANESLJIVIM KANDIDATOM / BODOČIM SODELAVCEM NA PODROČJU MONTAŽE STAVBNEGA POHIŠTVA  V TUJINI (  V NEMČIJI ).,01.2.2021,Zasavska,zaposlitev.info
Električar,/,Tujina,ES PROJEKT d.o.o.,https://www.zaposlitev.info/delo/elektricar-14/,"        PONUJAMO DELO KULTURNIM IN ZANESLJIVIM KANDIDATOM / BODOČIM SODELAVCEM NA PODROČJU ELEKTRO ZNANJA    ( VEZAVE, PRIKLOPI, FINOMONTAŽA,…  ) NA INDUSTRIJSKIH NAPRAVAH, HIŠNIH INŠTALACIJAH, LADJAH V TUJINI ( EU ).Delo je izključno v tujin",01.2.2021,Zasavska,zaposlitev.info
Zavarovalni zastopnik m/ž,/,Regija bivanja,Troja Tim d.o.o.,https://www.zaposlitev.info/delo/zavarovalni-zastopnik-m-z/,"        Troja tim v svoj kolektiv zaposli novega sodelavca/-ko na delovnem mestu Zavarovalni zastopnik/-ica.Vaše delo bo obsegalo sklepanje raznovrstnih zavarovanj in predstavitve produktov zavarovalnic, našim strankam.",26.1.2021,Zasavska,zaposlitev.info
Serviser m/ž,/,Kisovec,"Avteh, inženiring, d.o.o.",https://www.zaposlitev.info/delo/serviser-m-z-4/,,25.1.2021,Zasavska,zaposlitev.info
KURIR - VOZNIK KOMBIJA M/Ž,/,ZASAVJE,Andrej Kraljič s.p.,https://www.zaposlitev.info/delo/kurir-voznik-kombija-m-z-3/,"        Dostava in prevzem paketov po Zasavju. Delo poteka od ponedeljka do petka, možno tudi 1 sobota na mesec. Enoizmensko delo.",18.2.2021,Zasavska,zaposlitev.info
Monter,/,Maribor,Viscars kdsl d.o.o.,https://www.zaposlitev.info/delo/monter-2/,"        Delo pretežno v tujini: 	vsa montažna dela 	vsa ključavničarska dela 	druga dela po naročilu direktorja, vodje pisarn, vodje računovodstva, vodje gradbišča ali skupinovodje 	druga dela glede na potrebe delovnega procesa",18.2.2021,Zasavska,zaposlitev.info
Ključavničar m/ž,/,Nemčija,KOVINSKA DELA S&N d.o.o.,https://www.zaposlitev.info/delo/kljucavnicar-m-z-2/,        OPIS DELA: 	vsa ključavničarska dela 	osnovno varjenje po postopku elektro 	vsa montažna dela 	druga dela po naročilu in glede na potrebe delovnega procesaDelo se opravlja pretežno v državah Evropske Unije in tudi izven nje.,18.2.2021,Zasavska,zaposlitev.info
DOSTAVLJALEC - SKLADIŠČNIK,/,LITIJA,HRM REŠITVE d.o.o.,https://www.zaposlitev.info/delo/dostavljalec-skladiscnik/,"        Za našega naročnika, ki se ukvarja z distribucijo iščemo novega sodelavca / sodelavko za delovno mesto DOSTAVLJALEC - SKLADIŠČNIK.  Na delovnem mestu boste opravljali naslednje naloge: 	Dostava blaga s kombijem po Sloveniji, včasih tudi n",16.2.2021,Zasavska,zaposlitev.info
Arhitekt suradnik m/ž,/,"Malinska, otok Krk",Vitus d.o.o,https://www.zaposlitev.info/delo/arhitekt-suradnik-m-z-2/,"        Izrada i razrada projekata građevina, 3D projektiranje, mjesto rada je otok Krk",12.2.2021,Zasavska,zaposlitev.info
Mehanik,/,Ljubljana,MAKŠE TRANSPORTI d.o.o.,https://www.zaposlitev.info/delo/mehanik-2/,        -Servisiranje tovornih vozil-Mehanična popravila tovornih vozil-Vzdrževanje tovornih vozil-Menjava pnevmatik na tovornih vozilih-Pomoč pri ostalih delih v mehanični delavnici,11.2.2021,Zasavska,zaposlitev.info
Disponent v logistiki,/,Ljubljana,MAKŠE TRANSPORTI d.o.o.,https://www.zaposlitev.info/delo/disponent-v-logistiki/,"        V aktivno okolje vabimo osebo, ki zna v nepričakovanih situacijah čim hitreje najti primerne rešitve.Delo disponenta:-organizacija mednarodnih transportov in vodenje prevozov-priprava razporeda voznikov in vozil ter nadzor nad razpored",11.2.2021,Zasavska,zaposlitev.info
Varilci po postopku WIG in ELEKTRO (kombinacija) m/ž,/,Nemčija,KOVINSKA DELA S&N d.o.o.,https://www.zaposlitev.info/delo/varilci-po-postopku-wig-in-elektro-kombinacija-m-z-2/,         	varjenje črni in beli material 	vsa montažna dela 	druga dela po naročilu in glede na potrebe delovnega procesa,09.2.2021,Zasavska,zaposlitev.info
Elektro varilec m/ž,/,"Nemčija, Avstrija",KOVINSKA DELA S&N d.o.o.,https://www.zaposlitev.info/delo/elektro-varilec-m-z-3/,        OPIS DELA: 	varjenje konstrukcij na višini 	vsa montažna dela 	druga dela po naročilu in glede na potrebe delovnega procesa ,09.2.2021,Zasavska,zaposlitev.info
elektroinštalater/električar,/,Tujina EU,Viscars kdsl d.o.o.,https://www.zaposlitev.info/delo/elektroinstalater-elektricar-2/,        -priklopi in odklopi naprav v industrijskih objektih- dokaz o usposobljenosti za električarja do 400V-polaganje  kablov-iskanje in odprava napak-delo v timu    ,05.2.2021,Zasavska,zaposlitev.info
ELEKTRIKAR-ELEKTROMONTER TUJINA-NEMČIJA,/,NEMČIJA,ELEKTRO T.A.K. D.O.O.,https://www.zaposlitev.info/delo/elektrikar-elektromonter-tujina-nemcija-3/,"        Montaža in vzdrževanje novih in obstoječih objektov. Polaganje električnih kablov, vezava elektro omaric...",05.2.2021,Zasavska,zaposlitev.info
ELEKTROMEHANIK,/,KAMNIK,GMC KOVI D.O.O.,https://www.zaposlitev.info/delo/elektromehanik-3/,"         	Inštalacija transportnih naprav, električnih inštalacij, priključkov 	Preizkušanje in zagon transportnih naprav, dvigal 	Avtomatizacija skladišč in proizvodnih procesov 	Poznavanje in branje elektro shem",03.2.2021,Zasavska,zaposlitev.info
POMOČNIK ELEKTRIČAR (M/Ž) - Nemčija,/,NEMČIJA,HRM REŠITVE d.o.o.,https://www.zaposlitev.info/delo/pomocnik-elektricar-m-z-nemcija/,"        Za našo stranko, iščemo več novih sodelavcev za delovno mesto POMOČNIK ELEKTRIČAR (M/Ž).OPIS DELOVNEGA MESTA: 	vezanje elektro omaric, 	vezanje vtičnic.",01.2.2021,Zasavska,zaposlitev.info
SAMOSTOJNI ELEKTRIČAR - M/Ž - Nemčija,/,NEMČIJA,HRM REŠITVE d.o.o.,https://www.zaposlitev.info/delo/samostojni-elektricar-m-z/,"        Za našo stranko, iščemo več novih sodelavcev za delovno mesto SAMOSTOJNI ELEKTRIČAR (M/Ž).OPIS DELOVNEGA MESTA: 	vezanje elektro omaric, 	branje načrtov, 	vezanje vtičnic.",01.2.2021,Zasavska,zaposlitev.info
Elektro monter-mehanik m/ž,/,tujina,KOVINSKA DELA S&N d.o.o.,https://www.zaposlitev.info/delo/elektro-monter-mehanik-m-z-2/,"        OPIS DELA: 	sestavljanje dvigal 	druga dela po naročilu in glede na potrebe delovnega procesaDelo se opravlja pretežno v državah Evropske Unije (Nemčija, Avstrija,...)",01.2.2021,Zasavska,zaposlitev.info
Varilec MIG/MAG m/ž  - VEČ KANDIDATOV,/,Nemčija,KOVINSKA DELA S&N d.o.o.,https://www.zaposlitev.info/delo/varilec-mig-mag-m-z-vec-kandidatov-2/,         	varjenje CO2  	vsa montažna dela 	druga dela po naročilu in glede na potrebe delovnega procesa  ,01.2.2021,Zasavska,zaposlitev.info
Skupinovodja,/,Maribor,Viscars kdsl d.o.o.,https://www.zaposlitev.info/delo/skupinovodja-6/,"        Delo v tujini: 	vodenje svoje skupine delavcev 	skrb za kvaliteto opravljenih del 	poročanje vodji gradbišča oziroma vodji montaže ali direktorju 	pregled in nadzor nad uporabo zaščitnih sredstev 	druga dela po naročilu direktorja,",29.1.2021,Zasavska,zaposlitev.info
Varilec/monter,/,Tujina,Viscars kdsl d.o.o.,https://www.zaposlitev.info/delo/varilec-monter-2/,"        Delo v glavnem v tujini: 	vsa varilska dela 	vsa montažna dela 	druga dela po naročilu direktorja, vodje pisarn, vodje računovodstva, vodje gradbišča ali skupinovodje 	druga dela glede na potrebe delovnega procesa",29.1.2021,Zasavska,zaposlitev.info
ZIDAR,/,Maribor z okolico,Vargrad d.o.o.,https://www.zaposlitev.info/delo/zidar-3/,"         	zidanje in obnova posameznih elementov zgradb 	gradnja temeljev, zidov, stebrov,... 	betoniranje, 	ometavanje, 	polaganje tlakovcev",25.1.2021,Zasavska,zaposlitev.info
Monterji suhe montaže,/,Nemčija,KOVINSKA DELA S&N d.o.o.,https://www.zaposlitev.info/delo/monterji-suhe-montaze-2/,         	postavljanje in montaža knaufa  	druga montažna gradbena dela 	druga dela po naročilu in glede na potrebe delovnega procesa  ,22.1.2021,Zasavska,zaposlitev.info
Monter sončnih elektrarn m/ž,/,Avstrija / Nemčija,Miro Pipenbacher s.p.,https://www.zaposlitev.info/delo/monter-soncnih-elektrarn-m-z-2/,        Za delo v Avstriji zaposlimo monterje za montažo sončnih elektrarn.,17.2.2021,Pomurska,zaposlitev.info
PRODAJALEC / SVETOVALEC (m/ž) MURSKA SOBOTA,/,Murska Sobota,HIŠA DARIL d.o.o.,https://www.zaposlitev.info/delo/prodajalec-svetovalec-m-z-murska-sobota-2/,"        Iščemo poštene, odgovorne, komunikativne in prijazne sodelavce, ki slišijo želje kupcev in prispevajo k pozitivnemu vzdušju v ekipi. Če se prepoznate v opisu, vas prisrčno vabimo v prijazen kolektiv Hiše daril.",16.2.2021,Pomurska,zaposlitev.info
Voznik C+E kategorije (m/ž),/,SV Slovenija,Avtoprevozništvo Boris Žnidarič s.p.,https://www.zaposlitev.info/delo/voznik-ce-kategorije-m-z/,"        Transportno podjetje deluje in opravlja prevoze za živila že več kot deset let. Zanesljivo in pošteno opravljamo svoje storitve, kar potrjuje tudi izdana bonitetna ocena AAA+.Iščemo zanesljivega voznika C+E kategorije (m/ž), z izkušnjami,",11.2.2021,Pomurska,zaposlitev.info
Administrator m/ž,/,Beltinci,"HG-ING, podjetje za inženiring, storitve in trgovino, d.o.o.",https://www.zaposlitev.info/delo/administrator-m-z-5/,"         	preverjanje, oblikovanje in prepisovanje dopisov, zapisnikov in poročil iz narekov, elektronskih dokumentov ali pisnih osnutkov, da so v skladu s pisarniškimi standardi, s pisalnim strojem, osebnim računalnikom ali drugo opremo za urejan...",17.2.2021,Pomurska,zaposlitev.info
Prodajnik,/,Petrovci,"PLATINUM EVENTS, podjetje za organizacijo prireditev, d.o.o.",https://www.zaposlitev.info/delo/prodajnik-2/,        Opis delovnih nalog: 	skrb za kvalitetno izvedbo prejetih naročil s sodelovanjem z drugimi oddelki v podjetju 	pridobivanje novih strank in skrb za obstoječe stranke 	prodajno-tehnična podpora obstoječim in novim kupcem 	skrb za dobre o,17.2.2021,Pomurska,zaposlitev.info
Telefonistka na Dunaju,/,Dunaj,Black Diamond E&P,https://www.zaposlitev.info/delo/telefonistka-na-dunaju-3/,"        Redno zaposlimo zanesljivo, odgovorno ter  iznajdljivo telefonistko staro med 20 in 40 let, z lastnim prevozom ter aktivnim in pasivnim znanjem nemskega jezika.- Redna zaposlitev,- urejena nastanitev na Dunaju,- dobro placilo,- stimula",22.1.2021,Pomurska,zaposlitev.info
Disponent v prometni pisarni,/,Leskovec pri Krškem,O.T.I. ROSSI d.o.o.,https://www.zaposlitev.info/delo/disponent-v-prometni-pisarni-2/,"        V mlado in aktivno okolje vabimo ambiciozno, samostojno in komunikativno osebo, ki je sposobna timskega dela, hkrati pa zna sprejemati odločitve in v nepričakovanih situacijah hitro odreagirati in najti primerne rešitve. Opis delovnih",19.2.2021,Jugovzhodna Slovenija,zaposlitev.info
VZDRŽEVALEC VOZIL IN TGM - AVTOSERVISER,/,LOGATEC,"TIGRAD d.o.o., Tovarniška cesta 36, 1370 LOGATEC",https://www.zaposlitev.info/delo/vzdrzevalec-vozil-in-tgm-avtoserviser-2/,        Popravila in vzdrževanje tovornih vozil,18.2.2021,Jugovzhodna Slovenija,zaposlitev.info
Delo v proizvodnji / ključavničar,/,Trebnje,BS METAL d.o.o.,https://www.zaposlitev.info/delo/delo-v-proizvodnji-kljucavnicar-2/,        Zaposlimo delavca za delo v proizvodnji / ključavničar.,18.2.2021,Jugovzhodna Slovenija,zaposlitev.info
VOZNIK TOV. VOZILA V DOMAČEM PROMETU,/,Logatec in okolica,"TIGRAD d.o.o., Tovarniška cesta 36, 1370 Logatec",https://www.zaposlitev.info/delo/voznik-tov-vozila-v-domacem-prometu-2/,        Prevoz gradbenega materiala na delovišča po Sloveniji,12.2.2021,Jugovzhodna Slovenija,zaposlitev.info
VARNOSTNIK,/,"Ljubljana, Maribor, Novo mesto, Koper",911 VRS D.O.O.,https://www.zaposlitev.info/delo/varnostnik-2/,"        Varnostnik m/ž911 Varnostna agencija zaposli varnostnike na področju MB, LJ, NM, KPInfo na 070 911 000",11.2.2021,Jugovzhodna Slovenija,zaposlitev.info
Ribogojec m/ž,/,Novo mesto,Ribiška družina Novo mesto,https://www.zaposlitev.info/delo/ribogojec-m-z/,"        Ribiška družina Novo mesto išče motivirano, vestno in zanesljivo osebo za prosto delovno mesto RIBOGOJEC.Vaše delo bo zajemalo: 	Gojitev rib, ki obsega: krmljenje rib in ribjega zaroda, smukanje plemenskih rib, sortiranje rib, nalaganje,",27.1.2021,Jugovzhodna Slovenija,zaposlitev.info
Monter strojnih inštalacij  Slovenija m/ž,/,Slovenija,Energomont SI d.o.o.,https://www.zaposlitev.info/delo/monter-strojnih-instalacij-slovenija-m-z-2/,"        Nujno potrebujemo delavca, monterja strojnih instalacij. Za delo v v Sloveniji. Obe zaposlitvi sta za nedoločen čas, s poskusnim delom 1 mesec.Zaželjene so delovne izkušnje 3 leta. Vse ostalo je po dogovoru. Za vseinformacije lahko pokli",25.1.2021,Jugovzhodna Slovenija,zaposlitev.info
RAČUNOVODJA - M/Ž,/,NOVO MESTO,HRM REŠITVE d.o.o.,https://www.zaposlitev.info/delo/racunovodja-m-z-2/,"        Za našega naročnika, večje proizvodno podjetje,  iščemo novo sodelavko/sodelavca za pozicijo RAČUNOVODJA.  Na delovnem mestu boste opravljali naslednje naloge: 	izvajanje dnevnih knjigovodskih opravil, vključno z vodenjem glavne knjige,",19.2.2021,Jugovzhodna Slovenija,zaposlitev.info
ZDRAVSTVENI TEHNIK - M/Ž,/,OKOLICA GROSUPLJA,HRM REŠITVE d.o.o.,https://www.zaposlitev.info/delo/zdravstveni-tehnik-m-z-2/,"        Za našo stranko, večji dom starejših občanov na območju Dolenjske iščemo več novih sodelavcev/sodelavk za delovna mesta SREDNJA MEDICINSKA SESTRA/ZDRAVSTVENI TEHNIK (M/Ž). OPIS DELOVNEGA MESTA: 	Izvajanje zdravstvene nege in varstva ",19.2.2021,Jugovzhodna Slovenija,zaposlitev.info
DELAVEC V  MIZARSKI PROIZVODNJI - LAKIREC,/,OKOLICA NOVEGA MESTA,HRM REŠITVE d.o.o.,https://www.zaposlitev.info/delo/delavec-v-mizarski-proizvodnji-lakirec-3/,"        Za našega naročnika, uspešnega in prepoznanega mizarja v okolici Novega mesta, zaradi širitve poslovanja iščemo novega sodelavca za delovno mesto: DELAVEC V  MIZARSKI PROIZVODNJI –  LAKIREC (m/ž).",19.2.2021,Jugovzhodna Slovenija,zaposlitev.info
BOLNIČAR - NEGOVALEC - M/Ž,/,OKOLICA GROSUPLJA,HRM REŠITVE d.o.o.,https://www.zaposlitev.info/delo/bolnicar-negovalec-m-z-2/,"        Za našo stranko, večji dom starejših občanov na območju Dolenjske iščemo več novih sodelavcev/sodelavk za delovna mesta BOLNIČAR - NEGOVALEC (M/Ž). OPIS DELOVNEGA MESTA: 	Pomoč pri zdravstveni negi in oskrbi stanovalcev, 	higiens",19.2.2021,Jugovzhodna Slovenija,zaposlitev.info
Servisni tehnik M/Ž,/,"Slovenija, Avstrija","MTH, servis, trgovina in svetovanje, d.o.o.",https://www.zaposlitev.info/delo/servisni-tehnik-m-z-2/,"        Podjetje MTH d.o.o., uradni zastopnik Nemškega podjetja Gollmann Kommissioniersysteme GmbH ssedežem v mestu Halle (Saale), prestolnici nemške zvezne dežele Saške-Anhalt, katero že petnajst let razvija,projektira in proizvaja najsodobnejše ",15.2.2021,Jugovzhodna Slovenija,zaposlitev.info
Prodajalec m/ž,/,Metlika,KIP KOP trgovina in storitve d.o.o.,https://www.zaposlitev.info/delo/prodajalec-m-z-2/,"        Opis del in nalog: 	Delo v proizvodnji in skladišču, 	prodaja in izdaja blaga, 	delo z viličarjem, 	razvoz gotovih izdelkov.",11.2.2021,Jugovzhodna Slovenija,zaposlitev.info
VOZNIK V MEDNARODNEM TRANSPORTU,/,"Italija, Avstrija, Nemčija, Madžarksa, Švica, Češka,Slovaška","TIGRAD d.o.o., Tovarniška cesta 36, 1370 Logatec",https://www.zaposlitev.info/delo/voznik-v-mednarodnem-transportu-2/,        Mednarodni prevoz s tovornim vozilom po Evropi (bližnje države),11.2.2021,Jugovzhodna Slovenija,zaposlitev.info
Vodja servisa in montaže,/,Krško,Ekten d.o.o.,https://www.zaposlitev.info/delo/vodja-servisa-in-montaze-2/,        Ekten d.o.o. se ponaša z več kot 20 letno tradicijo na področju izdelave in razvoja ekološke procesne opreme za industrijo. Podjetje prerašča v pomembnega mednarodnega partnerja na področju razvoja novih ekoloških rešitev za industrijo.OPI,09.2.2021,Jugovzhodna Slovenija,zaposlitev.info
Izmenovodja/Vzdrževalec/Električar/Delavec v proizvodnji,/,"Travnik, Loški potok",SI-CORE,https://www.zaposlitev.info/delo/izmenovodja-vzdrzevalec-elektricar-delavec-v-proizvodnji-3/,        Podjetje izdeluje lesene sredice za športno industrijo. Iščemo več sodelavcev: 	izmenovodja 	vzdrževalec/električar 	skladiščnik 	delavec v proizvodnjiPrejemamo prijave in vprašanja na tel.:041/678260 oz. woodcore@gmail.com,01.2.2021,Jugovzhodna Slovenija,zaposlitev.info
Ključavničar-monter,/,Krško,Ekten d.o.o.,https://www.zaposlitev.info/delo/kljucavnicar-monter-6/,        Ekten d.o.o. se ponaša z več kot 20 letno tradicijo na področju izdelave in razvoja ekološke procesne opreme za industrijo. Podjetje prerašča v pomembnega mednarodnega partnerja na področju razvoja novih ekoloških rešitev za industrijo.OPI,25.1.2021,Jugovzhodna Slovenija,zaposlitev.info
DELAVEC V  LESNI PROIZVODNJI,/,OKOLICA SEMIČA,HRM REŠITVE d.o.o.,https://www.zaposlitev.info/delo/delavec-v-lesni-proizvodnji/,"        Za našega naročnika, uspešno slovensko podjetje iz okolice Semiča, zaradi širitve poslovanja iščemo novega sodelavca za delovno mesto: DELAVEC V  LESNI PROIZVODNJI (M/Ž).OPIS DELOVNEGA MESTA: 	Delo na žagi, 	zlaganje in sortiranje",22.1.2021,Jugovzhodna Slovenija,zaposlitev.info
Vodja servisa HVAC ( m/ž ),/,"Brežice, Krško, Novo Mesto",MITEL d.o.o.,https://www.zaposlitev.info/delo/vodja-servisa-hvac-m-z-2/,"        Podjetje Mitel d.o.o. se ukvarja s projektiranjem, montažo in servisom opreme in instalacij na področju avtomatizacije, elektrotehnike in strojnega inženiringa. Podjetje deluje po vsej Hrvaški in prek naše podružnice odprte v Sloveniji in ...",18.2.2021,Podravska,zaposlitev.info
Monter m/ž,/,Slovenske Konjice,KOSTROJ d.o.o.,https://www.zaposlitev.info/delo/monter-m-z-5/,"        Podjetje odlikujejo sodobna tehnologija, priznano inovativno znanje, kakovost ponudbe in visoka stopnja odgovornosti do okolja. Kostroj Strojegradnja je tehnološko sodobno in celovito opremljeno podjetje strojegradnje. Ima za slovenske raz...",15.2.2021,Podravska,zaposlitev.info
ČIstilec - vzdrževalec m/ž,/,na terenu,Santim d.o.o.,https://www.zaposlitev.info/delo/cistilec-vzdrzevalec-m-z-2/,"        Zaposlimo resno, odgovorno in zanesljivo osebo za redna generalna in specialna čiščenja objektov na terenu v vzhodni Sloveniji.Delo obsega: 	čiščenja trgovinskih, proizvodnih, poslovnih in novozgrajenih prostorov s čistilnimi stroji in",05.2.2021,Podravska,zaposlitev.info
Samostojni monter na terenu m/ž,/,Ruše,"POLIGRAM, sistemske rešitve d.o.o.",https://www.zaposlitev.info/delo/samostojni-monter-na-terenu-m-z/,"        Podjetje Poligram d.o.o. je razvojno raziskovalno in storitveno podjetje, ki ponuja sodobne visoko kvalitetne telematične storitve. Usmerjeni je v razvoj storitev, ki vsakodnevno pomagajo pri izvajanju proizvodnih, logističnih, poslovnih i...",04.2.2021,Podravska,zaposlitev.info
Kozmetičar m/ž,/,Maribor,Galaktiko d.o.o.,https://www.zaposlitev.info/delo/komzeticar-m-z/,"        Galaktiko d.o.o. odpira nov salov, ki se bo nahajal pri Qlandiji v Mariboru in zato v svoj kolektiv vabi novega sodelavca/-ko na delovnem mestu KozmetičarNaloge novega sodelavca bodo: 	Manikura 	Pedikura 	Masaže",28.1.2021,Podravska,zaposlitev.info
Frizer m/ž,/,Maribor,Galaktiko d.o.o.,https://www.zaposlitev.info/delo/frizer-m-z/,"        Galaktiko d.o.o. odpira nov salov, ki se bo nahajal pri Qlandiji v Mariboru n zato v svoj kolektiv vabi novega sodelavca/-ko na delovnem mestu FrizerNaloge novega sodelavca bodo: 	Moško žensko in otroško striženje 	Moško oblikovanje in",28.1.2021,Podravska,zaposlitev.info
Izmenovodja,/,LENART V SLOVENSKIH GORICAH,NORKA GT d.o.o.,https://www.zaposlitev.info/delo/izmenovodja-2/,"        • Koordinacija in nadzor nad izvajanjem plana in prenos informacij skozi vse izmene;• Vodenje in razporejanje dela v izmeni ter motivacija zaposlenih:• Medfazna kontrola in nadzor nad porabo materiala, delovnih ur, proizvedenih izdelkov in ",25.1.2021,Podravska,zaposlitev.info
ELEKTRO INŽENIR -  PREIZKUŠEVALEC,/,Maribor,BR d.o.o.,https://www.zaposlitev.info/delo/preizkusevalec-2/,"         	operativno izvajanje kontrole materialov, izdelkov, procesov, 	dokumentiranje izvajanja kontrol in pregledov, 	pregled in priprava dokumentacije in opreme, 	preizkušanje objektov v podjetju in na terenu ter spuščanje v pogon, 	izdaja u",18.2.2021,Podravska,zaposlitev.info
KLJUČAVNIČAR - VOZNIK,/,Maribor,BR d.o.o.,https://www.zaposlitev.info/delo/kljucavnicar-voznik-2/,         	Opravljanje ključavničarskih del v oddelku kovinske obdelave. 	Opravljanje prevozov s tovornim vozilom. 	Pomoč pri razkladanju tovora. 	Pomoč pri montaži betonskih trafo postaj. 	Izvajanje prevozov za potrebe podjetja. 	Upravljanje,18.2.2021,Podravska,zaposlitev.info
PROJEKTANT,/,Maribor,BR d.o.o.,https://www.zaposlitev.info/delo/projektant-3/,"         	PRIPRAVA TEHNIČNE DOKUMENTACIJE 	SODELOVANJE PRI MERITVAH, RAZVOJU NOVIH IZDELKOV 	 PRIPRAVA TEHNIŠKIH PODLAG ZA KALKULACIJO,...",18.2.2021,Podravska,zaposlitev.info
VODJA BETONARNE,/,ROGAŠKA SLATINA,BR d.o.o.,https://www.zaposlitev.info/delo/vodja-betonarne-4/,"         	načrtovanje, vodenje, organiziranje in nadzor dela v betonarni, 	priprava tehnične dokumentacije za izdelavo betonskih trafo postaj, 	kontrola trafo postaj na terenu, 	strokovna pomoč delavcem, 	razporejanje in delitev delovnih opravil",18.2.2021,Podravska,zaposlitev.info
GRADBENI INŽENIR,/,"Maribor, po dogovoru glede na projekte",BR d.o.o.,https://www.zaposlitev.info/delo/gradbeni-inzenir-3/,"         	delo na več projektih/gradbiščih hkrati, 	nadzor, vodenje in organiziranje delavcev, 	koordinacija z ostalimi izvajalci na gradbišču, 	izvajanje kalkulacij za manjše projekte, 	skrb za upoštevanje varnostnih predpisov na gradbišč",17.2.2021,Podravska,zaposlitev.info
Razvojni konstrukter,/,"Stranice, Slovenske Konjice",WRAVOR d.o.o.,https://www.zaposlitev.info/delo/razvojni-konstrukter-2/,        Razvoj lesnoobdelovalnih strojev s solidworks 3d modelirnikom.,16.2.2021,Podravska,zaposlitev.info
Serviser/monter strojne opreme,/,"Cesta k Tamu 6, 2000 Maribor",SiScan Consulting d.o.o.,https://www.zaposlitev.info/delo/serviser-monter-strojne-opreme-3/,        Delo je deljeno na pisarniško ter terensko delo po Sloveniji ter sosednjih državah.Pisarniška dela so sestavljena iz: 	organizacija urnika servisnih storitev 	pisanje poročil 	priprava ponudb in dokumentacije 	komunikaciji z naročn,12.2.2021,Podravska,zaposlitev.info
Voznik C-kategorijo,/,",MARIBOR",Avtoprevozništvo Zdravko Arnuš s.p,https://www.zaposlitev.info/delo/voznik-c-kategorijo-2/,        Zaposlimo voznika C-kategorije za razvoz pošiljk po Sloveniji.,11.2.2021,Podravska,zaposlitev.info
Varnostnik - mobilno varovanje (m/ž) MARIBOR,/,MARIBOR,PROTECT INFRA d.o.o.,https://www.zaposlitev.info/delo/varnostnik-mobilno-varovanje-m-z-maribor-3/,"        Družba za zasebno varovanje z več kot 35 letno tradicijo in jasnim pogledom v prihodnost…Poslovna politika in usmeritev družbe PROTECT Infra d.o.o. temelji na zaupanju in kakovosti, ki smo jo zasnovali kot široko mero konsenza med potrebnim",11.2.2021,Podravska,zaposlitev.info
Organizator prevozov v pisarni,/,Šentilj v Slovenskih goricah,ADI LOGISTIKA d.o.o.,https://www.zaposlitev.info/delo/organizator-prevozov-v-pisarni-2/,"        Organizacija prevozov, administracija, komunikacija",10.2.2021,Podravska,zaposlitev.info
"Električar v Ptuju, Slovenija,",/,Ptuj,"PAROS MONT, kovinarstvo in montaža, d.o.o.",https://www.zaposlitev.info/delo/elektricar-v-ptuju-slovenija-4/,"        Elektro dela v stanovanjskih novogradnjah po Sloveniji, uredimo tudi vize za državljane tretjih držav",09.2.2021,Podravska,zaposlitev.info
Ključavničarje / strojne ključavničarje / elektrotehnike smer mehatronik,/,Maribor,Nürmont Installations d.o.o.,https://www.zaposlitev.info/delo/kljucavnicarje-strojne-kljucavnicarje-elektrotehnike-smer-mehatronik-3/,"        Nürmont Installations d.o.o., smo slovensko hčerinsko podjetje skupine Baumüller, z nemško matično družbo, in eno od vodilnih podjetij na področju novih inštalacij in premestitve strojev in naprav. Za delo v naši delavnici v Mariboru",09.2.2021,Podravska,zaposlitev.info
CNC programer,/,LIMADBMH Brumec Marko s.p.,LIMADBMH Brumec Marko s.p.,https://www.zaposlitev.info/delo/cnc-programer-2/,"         	samostojno delo kot programer, 	3D modeliranje v Solid Works in programiranje CNC obdelovalnih strojev, priprava postopkov in programov za izdelavo proizvodov, 	pri programiranju se uporablja programska oprema Depo cam, 	stalno izboljševan",07.2.2021,Podravska,zaposlitev.info
Inštalater vodovodnih in ogrevalno hladilnih sistemov m/ž,/,"Maribor, delo na terenu",eVision energija prihodnosti d.o.o.,https://www.zaposlitev.info/delo/instalater-vodovodnih-in-ogrevalno-hladilnih-sistemov-m-z/,        Iščemo dodatne sodelavce za delo montaž vodovodnih in ogrevalno hladilnih sistemov.,03.2.2021,Podravska,zaposlitev.info
Monter toplotnih črpalk,/,"Podravje, Delo na terenu",eVision.si,https://www.zaposlitev.info/delo/monter-toplotnih-crpalk-3/,"        Zaposlimo dodatne monterje toplotnih črpalk, ki imajo željo po delu.Ponujamo sodelovanje tudi tistim, ki imate svoj s.p..",01.2.2021,Podravska,zaposlitev.info
Elektromonter / Električar / Elektroinštalater m/ž,/,Terensko delo po Sloveniji,eVision energija prihodnosti d.o.o.,https://www.zaposlitev.info/delo/elektromonter-elektricar-elektroinstalater-m-z-2/,        Zaposlimo dodatne električarje za okrepitev naših ekip.,28.1.2021,Podravska,zaposlitev.info
CNC operater,/,"Spodnje Grušovje 8, Slovenske Konjice",LIMADBMH Brumec Marko s.p.,https://www.zaposlitev.info/delo/cnc-operater-3/,"        Podjetje LIMADBMH Brumec Marko s.p. zaposli orodjarja - strojnega tehnika za dela na CNC stroju, programiranje, umerjanje obdelovancev in vsa orodjarska dela.",27.1.2021,Podravska,zaposlitev.info
Strojnik gradbene mehanizacije - bagerist m/ž,/,Cerkvenjak,LORS - Sašo Lorenčič s.p.,https://www.zaposlitev.info/delo/strojnik-gradbene-mehanizacije-bagerist-m-z-2/,"        Podjetje Lors - Sašo Lorenčič s.p.,  zaposli 1 delavca in sicer: 	BAGERIST ",25.1.2021,Podravska,zaposlitev.info
VODJA ELEKTROMONTAŽNEGA ODDELKA,/,Maribor,BR d.o.o.,https://www.zaposlitev.info/delo/vodja-elektromontaznega-oddelka-3/,"         	načrtovanje, vodenje, organiziranje in nadzor dela v elektromontažnem oddelku, 	strokovna pomoč delavcem, 	razporejanje delavcev in delitev delovnih opravil, 	prevzem materiala iz skladišča in predaja končnih izdelkov.",25.1.2021,Podravska,zaposlitev.info
VOZNIK TOVORNJAKA,/,PTUJ,"Prevozništvo Luka, Denis Podbreznik s.p.",https://www.zaposlitev.info/delo/voznik-tovornjaka-6/,"        Prevoz tovora po Sloveniji in EU ( Italija, Avstrija )",22.1.2021,Podravska,zaposlitev.info
KONSTRUKTER,/,Maribor,BR d.o.o.,https://www.zaposlitev.info/delo/konstrukter-2/,"         	 KREIRANJE IN SAMOSTOJNA IZDELAVA TEHNIČNE DOKUMENTACIJE,  	TIPIZACIJA OSVOJENIH PRODUKTOV IN VNOS KOSOVNIC V INTEGRALNI INFORMACIJSKI SISTEM,  	IZDELAVA TEHNIČNO EKONOMSKIH ANALIZ, ZA NOVE IN REKONSTRUIRANE PROIZVODE,...",22.1.2021,Podravska,zaposlitev.info
Krovec klepar m/ž,/,Hoče,"STREHE FRAS, Igor Fras s.p.",https://www.zaposlitev.info/delo/krovec-klepar-m-z-3/,"        Pri podjetju Strehe Fras, Igor Fras s.p. poskrbimo za pomoč pri načrtovanju ostrešja in izbiri materiala, izdelamo močno in stabilno ostrešje, objekt pokrijemo in poskrbimo za dodatna kleparska dela.Zavedamo se, da so zadovoljni in motivira",22.1.2021,Podravska,zaposlitev.info
Administrator m/ž,/,Maribor,"GANADOR, montaža, storitve in svetovanje, d.o.o.",https://www.zaposlitev.info/delo/administrator-m-z/,         	Poslovno korespondenca z nemškimi naročniki 	Administrativna dela,21.1.2021,Podravska,zaposlitev.info
PRODAJALEC / SVETOVALEC (m/ž) RAVNE NA KOROŠKEM,/,Ravne na Koroškem,HIŠA DARIL d.o.o.,https://www.zaposlitev.info/delo/prodajalec-svetovalec-m-z-ravne-na-koroskem-4/,"        Iščemo poštene, odgovorne, komunikativne in prijazne sodelavce, ki slišijo želje kupcev in prispevajo k pozitivnemu vzdušju v ekipi. Če se prepoznate v opisu, vas prisrčno vabimo v prijazen kolektiv Hiše daril.",16.2.2021,Koroška,zaposlitev.info
PRODAJALEC / SVETOVALEC (m/ž) RAVNE NA KOROŠKEM,/,Hajdina,HIŠA DARIL d.o.o.,https://www.zaposlitev.info/delo/prodajalec-svetovalec-m-z-ljubljana-kranj-novo-mesto-2/,"        Iščemo poštene, odgovorne, komunikativne in prijazne sodelavce, ki slišijo želje kupcev in prispevajo k pozitivnemu vzdušju v ekipi. Če se prepoznate v opisu, vas prisrčno vabimo v prijazen kolektiv Hiše daril.",10.2.2021,Koroška,zaposlitev.info
MONTER KMETIJSKIH STROJEV IN NAPRAV (m/ž),/,Terensko delo (Sedež: Slovenj Gradec),Feniks d.o.o.,https://www.zaposlitev.info/delo/monter-kmetijskih-strojev-in-naprav-m-z-3/,"        Smo uspešno, uveljavljeno slovensko podjetje in vodilni dobavitelj opreme za farmsko tehnologijo v kmetijstvu. Širimo obseg dela na področju servisa, vzdrževanja in montaže opreme.Delovno mesto: MONTER KMETIJSKIH STROJEV IN NAPRAV (m/ž)",22.1.2021,Koroška,zaposlitev.info
Upravljalec vzdrževalec strojev in naprav,/,Slovenj Gradec,MODUL d. o. o.,https://www.zaposlitev.info/delo/upravljalec-vzdrzevalec-strojev-in-naprav-2/,"        V podjetju Modul d.o.o. v svoj kolektiv zaposlimo novega sodelavca na delovnem mestu: Upravljalec vzdrževalec strojev in napravNaloge novega sodelavca bodo: 	nadzor nad delovanjem delovne opreme, strojev, 	odpravljanje težav z zastoji del",12.2.2021,Koroška,zaposlitev.info
Konstrukter,/,Latkova vas,Sigmanova Žalec d.o.o.,https://www.zaposlitev.info/delo/konstrukter-4/,"         	priprava tehnične dokumentacije za proizvodnjo 	konstruiranje, risanje, izrisovanje delovnih risb v programu AutoCad in Inventor 	2D in 3D konstruiranje na podlagi projektantske dokumentacije",03.2.2021,Savinjska,zaposlitev.info
Voznik tovornega vozila,/,Po Sloveniji,Avtoprevozništvo Matjaž Oprčkal s.p.,https://www.zaposlitev.info/delo/voznik-tovornega-vozila-2/,        Zaposlimo voznika tovornega vozila C kategorije iz okolice Celja za  razvoz in dostavo blaga po Sloveniji.,01.2.2021,Savinjska,zaposlitev.info
Voznik/voznica tovornjaka v mednarodnem prometu - m/ž,/,Velenje,"RAKAN TRANSPORT, Rade Rakanović s.p.",https://www.zaposlitev.info/delo/voznik-voznica-tovornjaka-v-mednarodnem-prometu-m-z/,"        Vozniki/voznice težkih tovornjakov in vlačilcev vozijo in skrbijo za težka motorna vozila za prevoz blaga, tekočin in težkih materialov na kratke in dolge razdalje.",19.2.2021,Savinjska,zaposlitev.info
Full-stack razvijalec programske opreme M/Ž,/,"Arja vas 101, 3301 Petrovče",Etrust d.o.o.,https://www.zaposlitev.info/delo/full-stack-razvijalec-programske-opreme-m-z-3/,"        V našem podjetju ustvarjamo, vzdržujemo in optimiziramo rešitve za proizvodne informacijske sisteme (MES).  Zaradi povečanega obsega dela iščemo novega sodelavca, ki ga navdihuje izvajanje inovativnih pristopov, je raziskovalno usmerjen in...",16.2.2021,Savinjska,zaposlitev.info
Preprosta ključavničarska dela,/,Nova Cerkev,SIMK Ključavničarstvo Silvester Kresnik s.p.,https://www.zaposlitev.info/delo/preprosta-kljucavnicarska-dela-2/,"         	različna obdelava kovin razrez, brušenje, vrtanje, krivljenje, čiščenje 	pomoč pri sestavi izdelkov in polizdelkov 	pomoč pri montažah na terenu (območje Slovenije), 	pomoč pri nakladanju in razkladanju ",15.2.2021,Savinjska,zaposlitev.info
ELEKTROMONTER M/ž,/,Celje,"ELEKTROSIGNAL, D.O.O. Lava 6a, 3000 Celje",https://www.zaposlitev.info/delo/elektromonter-m-z-2/,         	izvajanje elektromonterskih in elektromontažnih del 	vezava elektro omar,09.2.2021,Savinjska,zaposlitev.info
Elektroinštalater,/,Celje in okolica,Elektroinštalacije Jernej Bajc s.p.,https://www.zaposlitev.info/delo/elektroinstalater-3/,        Izvedba elektroinštalacij v stanovanjskih in industrijskih objektih.,02.2.2021,Savinjska,zaposlitev.info
Prodajalec m/ž,/,Mozirje,Bartog d.o.o.,https://www.zaposlitev.info/delo/prodajalec-m-z/,"         	Prodaja blaga v trgovini z avto deli in pnevmatikami, 	svetovanje kupcem za prodajni asortima, 	skrb za zalogo - iskanje novih potencialnih kupcev, 	skrb za urejenost trgovine.",21.1.2021,Savinjska,zaposlitev.info
SERVISER (m/ž),/,Lesce,PROCHROM-COMP d.o.o.,https://www.zaposlitev.info/delo/serviser-m-z-3/,,18.2.2021,Gorenjska,zaposlitev.info
Tržnik prodaje in storitev,/,Škofja Loka in teresnko delo,"SG GUZELJ, d.o.o.",https://www.zaposlitev.info/delo/trznik-prodaje-in-storitev-4/,"        Opis delovnega mesta: 	aktivno delovanje na trgu - komunikacija z obstoječimi in potencialnimi strankami, pogajanja, priprava ponudb, sklepanje pogodb, skrb za njihovo realizacijo (spremljanje strank, nadzor nad izvajanjem storitve, spreml...",17.2.2021,Gorenjska,zaposlitev.info
VODJA RAČUNOVODSTVA (M/Ž),/,Žiri,Alpina d.o.o.,https://www.zaposlitev.info/delo/vodja-racunovodstva-m-z-2/,"        Za razpisano delovno mesto iščemo kandidata, ki izpolnjuje naslednje pogoje: 	univerzitetna izobrazba ekonomske smeri, 	najmanj 4 leta primerljivih delovnih izkušenj, prednost imajo kandidati s poznavanjem področja proizvodnje in trgovine,",16.2.2021,Gorenjska,zaposlitev.info
VIŠJI FINANČNO RAČUNOVODSKI REFERENT (M/Ž),/,Žiri,Alpina d.o.o.,https://www.zaposlitev.info/delo/visji-financno-racunovodski-referent-m-z-2/,"        Za razpisano delovno mesto iščemo kandidata, ki izpolnjuje naslednje pogoje: 	Višja ali visoka izobrazba ekonomske smeri, 	vsaj 2 leti primerljivih delovnih izkušenj, prednost imajo kandidati s poznavanjem področja proizvodnje in trgovine,",16.2.2021,Gorenjska,zaposlitev.info
Terenski delavec / laborant – M/Ž,/,Ljubljana,GEOINŽENIRING d.o.o.,https://www.zaposlitev.info/delo/terenski-delavec-laborant-m-z/,"         	Izvajanje geotehničnih meritev, pomoč v geotehničnem laboratoriju",15.2.2021,Gorenjska,zaposlitev.info
GEOTEHNIČNO PROJEKTIRANJE IZVAJANJE GOELOŠKO GEOTEHNIČNIH RAZISKAV – M/Ž,/,Ljubljana,GEOINŽENIRING d.o.o.,https://www.zaposlitev.info/delo/geotehnicno-projektiranje-izvajanje-goelosko-geotehnicnih-raziskav-m-z/,"         	Izvajanje kabinetnih in terenskih del iz področja geomehanike, geotehnike in geologije",15.2.2021,Gorenjska,zaposlitev.info
MEHANIK - SERVISER,/,KRANJ,CREINA d.d.,https://www.zaposlitev.info/delo/mehanik-serviser/,"        Zaposlimo  MEHANIKA - SERVISERJA, za izvajanje del pri montaži kmetijske mehanizacije in vzdrževanju opreme komunalnih vozil ( standardna montažna dela, servisno vzdrževalna in obnovitvena dela).",12.2.2021,Gorenjska,zaposlitev.info
Varnostnik (m/ž) KRANJ,/,KRANJ,PROTECT INFRA d.o.o.,https://www.zaposlitev.info/delo/varnostnik-m-z-kranj-2/,"        Družba za zasebno varovanje z več kot 35 letno tradicijo in jasnim pogledom v prihodnost…Poslovna politika in usmeritev družbe PROTECT Infra d.o.o. temelji na zaupanju in kakovosti, ki smo jo zasnovali kot široko mero konsenza med potrebnim",12.2.2021,Gorenjska,zaposlitev.info
Varnostnik - mobilno varovanje m/ž LJUBLJANA,/,LJUBLJANA,PROTECT INFRA d.o.o.,https://www.zaposlitev.info/delo/varnostnik-mobilno-varovanje-m-z-ljubljana-2/,"        Družba za zasebno varovanje z več kot 35 letno tradicijo in jasnim pogledom v prihodnost…Poslovna politika in usmeritev družbe PROTECT Infra d.o.o. temelji na zaupanju in kakovosti, ki smo jo zasnovali kot široko mero konsenza med potrebnim",11.2.2021,Gorenjska,zaposlitev.info
KROVEC-KLEPAR,/,"Komenda, delo po terenu- Slovenija",ST SODNIK D.O.O.,https://www.zaposlitev.info/delo/krovec-klepar-3/,        V svojo družbo ST SODNIK d.o.o. vabimo izkušene krovce-kleparje z izpitom B kategorije.Več informacij na tel.: 041 711 099 ali tomaz.sodnik@stsodnik.si.,21.1.2021,Gorenjska,zaposlitev.info
RAČUNOVODJA - M/Ž,/,DOMŽALE,HRM REŠITVE d.o.o.,https://www.zaposlitev.info/delo/racunovodja-m-z/,"        Za našega naročnika, ki se ukvarja z računovodskim servisom, iščemo novo sodelavko/sodelavca za pozicijo RAČUNOVODJA.  Na delovnem mestu boste opravljali naslednje naloge: 	izvajanje dnevnih knjigovodskih opravil, vključno z vodenjem glav",18.2.2021,Gorenjska,zaposlitev.info
Slaščičar m/ž,/,Hrušica,"EMAZING CREATIONS, izdelava tort in slaščic, d.o.o.",https://www.zaposlitev.info/delo/slascicar-m-z/,"        Opis delovnih nalog: 	zmožnost samostojne priprave celotnega asortimana slaščic in tort po hišnih receptih in postopkih , 	učinkovitost in zbranost na delovnem mestu, 	uporaba in sledenje pridobljenih tehnik, 	zmožnost upoštevanja na",17.2.2021,Gorenjska,zaposlitev.info
Upravljalec stroja za razvrščanje hlodovine(bager),/,Dole nad Idrijo,Žaga Rupnik d.o.o.,https://www.zaposlitev.info/delo/upravljalec-stroja-za-razvrscanje-hlodovinebager-2/,        Razvrščanje hlodovine po kvaliteti. Krojenje hlodovine z motorno žago. Upravljanje in vzdrževanje hidravličnega dvigala. Upravljanje in vzdrževanje lupilne linije.   ,17.2.2021,Gorenjska,zaposlitev.info
Varnostnik (m/ž) LJUBLJANA - možnost subvencioniranja izobraževanja za NPK VARNOSTNIK,/,LJUBLJANA,PROTECT INFRA d.o.o.,https://www.zaposlitev.info/delo/varnostnik-m-z-ljubljana-moznost-subvencioniranja-izobrazevanja-za-npk-varnostnik-3/,"        Družba za zasebno varovanje z več kot 35 letno tradicijo in jasnim pogledom v prihodnost…Poslovna politika in usmeritev družbe PROTECT Infra d.o.o. temelji na zaupanju in kakovosti, ki smo jo zasnovali kot široko mero konsenza med potrebnim",17.2.2021,Gorenjska,zaposlitev.info
ELEKTRIČAR ZA ZAHTEVNA DELA Z IZKUŠNJAMI,/,Elmeh d.o.o.,Elmeh d.o.o.,https://www.zaposlitev.info/delo/elektricar-za-zahtevna-dela-z-izkusnjami-2/,"        Podjetje Elmeh d.o.o. je družinsko podjetje z dolgoletno tradicijo. Ukvarjamo se z montažo električne opreme na lesno obdelovalnih strojih.K sodelovanju vabimo osebe, ki so pri svojem delu odgovorne in si želijo dolgoročne zaposlitve.Nal",16.2.2021,Gorenjska,zaposlitev.info
Gozdar,/,Gorenjska,"Meglič Uroš s.p., Posek, spravilo in prevoz lesa",https://www.zaposlitev.info/delo/gozdar-3/,"        Gozdarski delavec za delo pri žičnem spravilu lesa, posek lesa ter ostala preprosta gozdarska dela. Zaželjene izkušnje ter izpit za delo z motorno žago.",15.2.2021,Gorenjska,zaposlitev.info
KLJUČAVNIČAR,/,KRANJ,CREINA d.d.,https://www.zaposlitev.info/delo/kljucavnicar-varilec/,"        Na področju komunalne opreme zaposlimo  KLJUČAVNIČARJA za izvajanje osnovnih in zahtevnejših del pri montaži in vzdrževanju opreme komunalnih vozil ( standardna montažna dela, servisno vzdrževalna in obnovitvena dela). Kandidat sodeluje pri ",15.2.2021,Gorenjska,zaposlitev.info
Varnostnik (m/ž) LJUBLJANA,/,LJUBLJANA,PROTECT INFRA d.o.o.,https://www.zaposlitev.info/delo/varnostnik-m-z-ljubljana-4/,"        Družba za zasebno varovanje z več kot 35 letno tradicijo in jasnim pogledom v prihodnost…Poslovna politika in usmeritev družbe PROTECT Infra d.o.o. temelji na zaupanju in kakovosti, ki smo jo zasnovali kot široko mero konsenza med potrebnim",12.2.2021,Gorenjska,zaposlitev.info
"Voznik B,C,E kat. v mednarodnem  cestnem prometu",/,"razni kraji, kjer koli","Gotrade d.o.o., mednarodni transport Spodnja Idrija",https://www.zaposlitev.info/delo/voznik-bce-kat-v-mednarodnem-cestnem-prometu-2/,"        Voznik B,C,E kat. v mednarodnem cestnem prometu.Največ delamo na relaciji Francija, Italija.",10.2.2021,Gorenjska,zaposlitev.info
VARILEC,/,KRANJ,CREINA d.d.,https://www.zaposlitev.info/delo/varilec-2/,        Zaposlimo VARILCA na področju kmetijske mehanizacije in v proizvodnji kaminskih peči.,05.2.2021,Gorenjska,zaposlitev.info
Pomožni gostinski delavec - DELILEC HRANE M/Ž,/,JESENICE,HRM REŠITVE d.o.o.,https://www.zaposlitev.info/delo/pomozni-gostinski-delavec-delilec-hrane-m-z-jesenice/,"        OPISZa našega naročnika  priznanega na trgu, iščemo novo sodelavko/sodelavca za pozicijo DELILEC HRANE – M/Ž.  Na delovnem mestu boste opravljali naslednje naloge: 	pomoč pri opravljanju pomožnih gostinskih del in nalog, 	delitev",03.2.2021,Gorenjska,zaposlitev.info
Mehanik,/,Šenčur,AGRO MOBIL D.O.O.,https://www.zaposlitev.info/delo/mehanik-3/,        Vzdrževanje tovornih vozil in priklic.,01.2.2021,Gorenjska,zaposlitev.info
VARNOSTNI TEHNIK,/,Ljubljana,"RIVAL - VTS, d.o.o.",https://www.zaposlitev.info/delo/varnostni-tehnik-3/,        Montaža in servisiranje protivlomnih  in požarnojavljalnih  alarmnih sistemov ter videonadzornih sistemov in kontrole pristopa.,01.2.2021,Gorenjska,zaposlitev.info
Električar,/,Elmeh d.o.o.,Elmeh d.o.o.,https://www.zaposlitev.info/delo/elektricar-2/,"        Podjetje Elmeh d.o.o. je družinsko podjetje z dolgoletno tradicijo. Ukvarjamo se z montažo električne opreme na lesno obdelovalnih strojih.K sodelovanju vabimo osebe, ki so pri svojem delu odgovorne in si želijo dolgoročne zaposlitve.Nal",26.1.2021,Gorenjska,zaposlitev.info
Vzdrževalec m/ž,/,Sežana,Kras d.o.o.,https://www.zaposlitev.info/delo/vzdrzevalec-m-z/,"        Izdelki podjetja Kras so izdelani za trg, za zadovoljevanje potreb in zahtev odjemalcev na konkurenčni osnovi. Sistem vodenja je nastal in se razvijal na osnovi znanj in spoznanj na trgu v tehnologiji, veterini, medicini in se navezuje na ...",19.2.2021,Notranjsko-kraška,zaposlitev.info
GRADBENI INŽENIR - STATIK – M/Ž,/,SEŽANA,HRM REŠITVE d.o.o.,https://www.zaposlitev.info/delo/gradbeni-inzenir-statik-m-z-2/,"        Za našega naročnika, prodorno podjetje iz Sežane, zaradi širitve poslovanja tudi na tuje trge iščemo novega sodelavca za delovno mesto: GRADBENI INŽENIR - STATIK – M/Ž.OPIS DELOVNEGA MESTA: 	izvedba statičnih izračunov gradbenih k",18.2.2021,Notranjsko-kraška,zaposlitev.info
Delavec v proizvodnji – moškega spola,/,Cerknica,Eclipse Print d.o.o.,https://www.zaposlitev.info/delo/delavec-v-proizvodnji-moskega-spola/,        V Eclipse Print d.o.o. v svoj kolektiv zaposlimo novega sodelavca v proizvodnji.Naloge novega sodelavca bodo: 	Delo na stroju za kaširanje in plastificiranje,12.2.2021,Notranjsko-kraška,zaposlitev.info
Varnostnik (m/ž) POSTOJNA,/,POSTOJNA,PROTECT INFRA d.o.o.,https://www.zaposlitev.info/delo/varnostnik-m-z-postojna-3/,"        Družba za zasebno varovanje z več kot 35 letno tradicijo in jasnim pogledom v prihodnost…Poslovna politika in usmeritev družbe PROTECT Infra d.o.o. temelji na zaupanju in kakovosti, ki smo jo zasnovali kot široko mero konsenza med potrebnim",12.2.2021,Notranjsko-kraška,zaposlitev.info
ARHITEKT NOTRANJE OPREME,/,Dutovlje,ADT d.o.o.,https://www.zaposlitev.info/delo/arhitekt-notranje-opreme-2/,         	načrtovanje notranje opreme 	priprava idejne zasnove v 3D tehniki 	izris pohištva ,29.1.2021,Notranjsko-kraška,zaposlitev.info
Telefonist,/,Postojna,SUBAN d.o.o,https://www.zaposlitev.info/delo/telefonist-2/,         	sprejemanje klicev strank 	procesiranje in urejanje naročil strank 	skrb za ohranjanje dobrih odnosov s kupci 	odgovarjanje na poštna sporočila 	druga opravila po navodilih nadrejenega,26.1.2021,Notranjsko-kraška,zaposlitev.info
Elektromonter,/,Leskovec pri Krškem,Willy Stadler d.o.o.,https://www.zaposlitev.info/delo/elektromonter-4/,"        Opis delovnih nalog: 	montaža elektro naprav, 	izvajanje elektro instalacij, 	vlečenje kablov, 	izvajanje modifikacij oz. elektro projektov, 	izvajanje elektro instalacij po projektih, 	montaža lastnih izdelkov, 	pregled izdelkov p",19.2.2021,Posavska,zaposlitev.info
Vodja gostinstva m/ž,/,Dobova,"Terme Paradiso, Cvetkovič Marjan  s.p.",https://www.zaposlitev.info/delo/vodja-gostinstva-m-z/,"         	Vodenje gostinskega dela lokala kuhinje in natakarjev, 	motiviranje zaposlenih, 	organizacija skupin....",11.2.2021,Posavska,zaposlitev.info
Skladiščnik,/,Nova Gorica,Imedia GSM d.o.o.,https://www.zaposlitev.info/delo/skladiscnik-2/,"         	Prevzem blaga, 	Izdaja blaga, 	Delo na računalniku (osnovna znanja), 	Preverjanje istovetnosti blaga in spremnih dokumentov, 	Opravljanje skladiščnih del po nalogih in zadolžitvah nadrejenega, 	Delo z viličarjem,",12.2.2021,Goriška,zaposlitev.info
Strojni inženir / inženir kakovosti,/,Ajdovscina,Metal design d.o.o. Ajdovscina,https://www.zaposlitev.info/delo/strojni-inzenir-inzenir-kakovosti-2/,"        Smo družinsko izvozno podjetje, proizvajalec jeklenih in aluminjastih izdelkov za tuje partnerje. Iščemo strojnega inženirja, ki bo prevzel vodenje oddelka kakovosti, v prihodnje pa tudi sodeloval pri razvoju izdelkov in drugih procesih. 	raz",09.2.2021,Goriška,zaposlitev.info
VOZNIK KAMIONA,/,"Slovenija, občasno Italija, Avstrija",MAREDA D.O.O.,https://www.zaposlitev.info/delo/voznik-kamiona-2/,        Dostava po Sloveniji in občasno Italija in Avstrija.,05.2.2021,Obalno-kraška,zaposlitev.info
Nepremičninski posrednik,/,Ljubljana,"Lucia tim d.o.o., PE Lucia nepremičnine",https://www.zaposlitev.info/delo/nepremicninski-posrednik-2/,        Primarna naloga je posredovanje pri nakupu in prodaji nepremičnin,15.2.2021,Osrednjeslovenska,zaposlitev.info
Delo v klicnem centru,/,Ljubljana,PORTATOR d.o.o. (PE: EnchPro),https://www.zaposlitev.info/delo/trznik-za-telekomunikacijsko-optimizacijo-3/,"        Iščemo komunikativne, pozitivno naravnane, odgovorne in zanesljive sodelavce za delo v telefonskem studiu. Si želite delati v prijetnem delovnem okolju? Pridružite se sproščenemu kolektivu v Ljubljani. Nudimo vam možnost odličnega zaslužka i",09.2.2021,Osrednjeslovenska,zaposlitev.info
Komercialist – svetovalec za kozmetiko (m/ž),/,Osrednjeslovenska regija,Bomerx d.o.o.,https://www.zaposlitev.info/delo/komercialist-svetovalec-za-kozmetiko-m-z/,"        Podjetje Bomerx d.o.o.  je priznano mednarodno podjetje in je del skupine, ki ima v lasti avstrijsko podjetje Beauty Solutions Handles gmbh in hrvaško podjetje RR Solutions d.o.o. Podjetja so specializirana za prodajo vrhunskih kozmetičnih...",01.2.2021,Osrednjeslovenska,zaposlitev.info
Disponent- kmercialist v logistiki,/,GROSUPLJE,MDM LOGISTIK D.O.O.,https://www.zaposlitev.info/delo/disponent-kmercialist-v-logistiki-2/,"        Disponent v logistiki (organizacija mednarodnih transportov, razporejanje delovnih nalogov podprevoznikom,   pridobivanje novih poslov , spremljanje stroškov prevozov in s tem povezana administracija kot je fakturiranje, spremljanje in obd...",29.1.2021,Osrednjeslovenska,zaposlitev.info
VODJA SLUŽBE ZDRAVSTVENE NEGE - M/Ž,/,OKOLICA LJUBLJANE,HRM REŠITVE d.o.o.,https://www.zaposlitev.info/delo/vodja-sluzbe-zdravstvene-nege-m-z/,"        Za našo stranko, večji dom starejših občanov v širši okolici Ljubljane iščemo novo sodelavko/sodelavca za delovno mesto VODJA SLUŽBE ZDRAVSTVENE NEGE (M/Ž).  OPIS DELOVNEGA MESTA (ključne naloge): 	samostojno vodenje, koordiniranj",19.2.2021,Osrednjeslovenska,zaposlitev.info
ELEKTROTEHNIK-ELEKTRONIK,/,Ljubljana,Odis d.o.o,https://www.zaposlitev.info/delo/elektrotehnik-elektronik-3/,         	terensko delo po celi Sloveniji 	servis ogrevalnih naprav na plin 	tehnik v plinski kotlovnici zamenja glave detektorjev plina in opravi preizkus delovanja alarmnega sistema 	izpolni vnaprej pripravljen zapisnik 	odpravi morebitne elektri,19.2.2021,Osrednjeslovenska,zaposlitev.info
Natakar m/ž,/,Ljubljana,"Izdelava štrukljev, PETER VOGELNIK s.p.",https://www.zaposlitev.info/delo/natakar-m-z-4/,         	Strežba hrane in pijače 	Delo poteka v lokalu ob Ljubljanici,18.2.2021,Osrednjeslovenska,zaposlitev.info
Servis gostinske opreme,/,Radomlje,Peterka Bojan s.p.,https://www.zaposlitev.info/delo/servis-gostinske-opreme-3/,        V svojo ekipo zaposlimo osebo za popravilo kava aparatov na terenu.,18.2.2021,Osrednjeslovenska,zaposlitev.info
Mizar / Monter stavbnega pohištva m/ž,/,Kamnik,KOSEC TIM d.o.o.,https://www.zaposlitev.info/delo/mizar-monter-stavbnega-pohistva-m-z-3/,"        Podjetje Kosec tim d.o.o. je podjetje, specializirano za prodajo in montažo oken, vrat in senčil. Smo pooblaščeni prodajalec za izdelke podjetja Inles d. d., slovenskega proizvajalca stavbnega pohištva z priznano kakovostjo in dolgoletno t...",18.2.2021,Osrednjeslovenska,zaposlitev.info
Prodajni predstavnik za špansko govoreče trge m/ž,/,Ljubljana,"ERPIUM, d.o.o.",https://www.zaposlitev.info/delo/prodajni-predstavnik-za-spansko-govorece-trge-m-z/,"        V svoje vrste vabimo komunikativno, organizirano, energično, odgovorno, prodajno naravnano osebo z razumevanjem delovanja tujih trgov.Prodajni predstavnik za špansko govoreče trge bo s proaktivnim, ciljno naravnanim pristopom našo storitev (S",17.2.2021,Osrednjeslovenska,zaposlitev.info
Prodajni predstavnik za nemško govoreče trge m/ž,/,Ljubljana,"ERPIUM, d.o.o.",https://www.zaposlitev.info/delo/prodajni-predstavnik-za-nemsko-govorece-trge-m-z/,"        V svoje vrste vabimo komunikativno, organizirano, energično, odgovorno, prodajno naravnano osebo z razumevanjem delovanja tujih trgov.Prodajni predstavnik za nemško govoreče trge bo s proaktivnim, ciljno naravnanim pristopom našo storitev ...",17.2.2021,Osrednjeslovenska,zaposlitev.info
Podatkovni analitik - svetovalec,/,Ljubljana,NLB d.d.,https://www.zaposlitev.info/delo/podatkovni-analitik-svetovalec-2/,"        Podatkovni analitik - svetovalec (m/ž) v organizacijski enoti Razvoj in upravljanje prodajeIščemo motivirano osebo, ki bo pomagala soustvarjati našo zgodbo kot največje bančne in finančne skupine v Sloveniji in Jugovzhodni Evropi. V kol",17.2.2021,Osrednjeslovenska,zaposlitev.info
Samostojni računovodja m/ž,/,Ljubljana,"AMONTE, avtopralnica in vulkanizerstvo, d.o.o.",https://www.zaposlitev.info/delo/samostojni-racunovodja-m-z/,"         	samostojno vodenje računovodstva podjetja, 	kontiranje in knjiženje prejetih in izdanih računov ter drugih dokumentov, 	obračun plač in ostalih osebnih prejemkov, 	obračun DDV, 	poročanje na E-davki, Ajpes, M-4, 	izdelava letnih ",17.2.2021,Osrednjeslovenska,zaposlitev.info
Analitik - modelar - svetovalec,/,Ljubljana,NLB d.d.,https://www.zaposlitev.info/delo/analitik-modelar-svetovalec-2/,        Analyst - model expert and adviser (Data scientist) (m/f) in organizational unit Sales Development and ManagementWe are looking for a motivated person who will help building our story as the largest banking and financial group in Slovenia ...,16.2.2021,Osrednjeslovenska,zaposlitev.info
Upravljalec varovanja informacijskih sistemov,/,Ljubljana,NLB d.d.,https://www.zaposlitev.info/delo/upravljalec-varovanja-informacijskih-sistemov-2/,"        V svoje vrste vabimo strokovnjaka, ki se bo zaposlil na delovno mestoUpravljalec varovanja informacijskih sistemov (m/ž) v organizacijski enoti Upravljanje informacijske varnosti NLB SkupinePridružite se nam in postanite nepogrešljiv č",16.2.2021,Osrednjeslovenska,zaposlitev.info
Kadrovik m/ž,/,Ljubljana,Data d.o.o.,https://www.zaposlitev.info/delo/kadrovik-m-z/,"         	Načrtovanje in izvajanje kadrovske politike v skladu s strateškimi cilji podjetja iskanje kadra, 	izvedba postopkov izbora kandidatov, 	načrtovanje sistema izobraževanja in razvoja kadrov, 	priprava predlogov za napredovanje zaposlenih;",11.2.2021,Osrednjeslovenska,zaposlitev.info
Živilski delavec 2 (m/ž),/,Kamnik,ETA Kamnik d.o.o.,https://www.zaposlitev.info/delo/zivilski-delavec-2-m-z-2/,        Smo družba z dolgoletno tradicijo na področju proizvodnje kakovostnega konzerviranega sadja in zelenjave.V našo družbo vabimo nove sodelavce za DM: ŽIVILSKI DELAVEC 2   (m/ž)     Glavne naloge izbranega kandidat-a/ke bodo:,11.2.2021,Osrednjeslovenska,zaposlitev.info
Vzdrževalec – elektrikar (m/ž),/,Kamnik,ETA Kamnik d.o.o.,https://www.zaposlitev.info/delo/vzdrzevalec-elektrikar-m-z-3/,         	 nastavljanje strojev-dežurstvo v proizvodnem procesu 	 vzdrževanje elektro instalacij na objektih in strojih 	izdelava elektro razdelilnih omar in elektroinstalacij  	upravljanje s kotli,11.2.2021,Osrednjeslovenska,zaposlitev.info
VARNOSTNI INŽENIR - M/Ž,/,LJUBLJANA,HRM REŠITVE d.o.o.,https://www.zaposlitev.info/delo/varnostni-inzenir-m-z/,"        Za našega naročnika, ki je na trgu specializirano za izvajanje strokovnih nalog s področja varnosti in zdravja pri delu ter požarnega varstva iščemo na novo sodelavko/sodelavca za delovno mesto VARNOSTNI INŽENIR/strokovni sodelavec za vars...",05.2.2021,Osrednjeslovenska,zaposlitev.info
VODJA TIMA - M/Ž,/,OKOLICA LJUBLJANA,HRM REŠITVE d.o.o.,https://www.zaposlitev.info/delo/vodja-tima-m-z/,"        Za našo stranko, večji dom starejših občanov v širši okolici Ljubljane iščemo novo sodelavca/sodelavca za delovno mesto VODJA TIMA (M/Ž). OPIS DELOVNEGA MESTA (ključne naloge): 	samostojno vodenje, koordiniranje dela v službi zdrav",25.1.2021,Osrednjeslovenska,zaposlitev.info
VARNOSTNIK M/Ž,/,Ljubljana,"RIVAL - VTS, d.o.o.",https://www.zaposlitev.info/delo/varnostnik-m-z-2/,        VAROVANJE LJUDI IN PREMOŽENJA,25.1.2021,Osrednjeslovenska,zaposlitev.info
Skupinovodja (m/ž),/,Kamnik,ETA Kamnik d.o.o.,https://www.zaposlitev.info/delo/skupinovodja-m-z-2/,        Smo družba z dolgoletno tradicijo na področju proizvodnje kakovostnega konzerviranega sadja in zelenjave.V našo družbo vabimo novega sodelavca za DM:Skupinovodja (m/ž)Opis 	vodenje in organiziranje skupine 	kontrola in nadzor i,22.1.2021,Osrednjeslovenska,zaposlitev.info
Agent v klicnem centru m/ž,/,Ljubljana,"EOS KSI, Upravljanje terjatev d.o.o.",https://www.zaposlitev.info/delo/agent-v-klicnem-centru/,"        OPIS DELOVNEGA MESTA:V naš kolektiv vabimo nove sodelavce/ke za delo v klicnem centru. Vaše delo bo klicanje strank in sprejemanje telefonskih klicev, posredovanje informacij in pomoč strankam. Če radi delate z ljudmi, znate poslušati in pre",21.1.2021,Osrednjeslovenska,zaposlitev.info
Monter - Stavbni klepar - Krovec,/,Tujina (Nemčija),ESML d.o.o.,https://www.zaposlitev.info/delo/monter-stavbni-klepar-krovec-3/,"         	Montaža različnih fasad (aluminijaste fasade, sendvič paneli, izopaneli), 	potrebno poznavanje osnov kleparstva, 	delo na višini.",16.2.2021,Tujina,zaposlitev.info
Monter strojnih inštalacij Nemčija m/ž,/,Nemčija,Energomont SI d.o.o.,https://www.zaposlitev.info/delo/monter-strojnih-instalacij-nemcija-m-z-3/,,15.2.2021,Tujina,zaposlitev.info
Voznik v mednarodnem prometu,/,Teren UE,AGRO MOBIL d.o.o.,https://www.zaposlitev.info/delo/voznik-v-mednarodnem-prometu-2/,"         	Prevoz blago po EU, pomoč pri nakladu in razkladu",11.2.2021,Tujina,zaposlitev.info
Monter kovinskih konstrukcij in transportne tehnike (10 delovnih mest) m/ž,/,Tujina,"BUDAS Konstrukcije, projektiranje, proizvodnja in montaža inženirskih konstrukcij, d.o.o.",https://www.zaposlitev.info/delo/monter-kovinskih-konstrukcij-in-transportne-tehnike-10-delovnih-mest-m-z-3/,        Sestavljanje kovinskih konstrukcij in transportne tehnike.,10.2.2021,Tujina,zaposlitev.info
Monter - Stavbni klepar - Krovec,/,Tujina,ESML d.o.o.,https://www.zaposlitev.info/delo/monter-stavbni-klepar-krovec-4/,"         	Montaža različnih fasad (aluminijaste fasade, sendvič paneli, izopaneli), 	potrebno poznavanje osnov kleparstva, 	delo na višini.",09.2.2021,Tujina,zaposlitev.info
Delovodja monterjev (dve delovni mesti) m/ž,/,Tujina,BUDAS Konstrukcije d.o.o.,https://www.zaposlitev.info/delo/delovodja-monterjev-dve-delovni-mesti-m-z-2/,        Delovodja monterjev kovinskih konstrukcij in transportne tehnike.Delo v tujini.,09.2.2021,Tujina,zaposlitev.info
Monter pohištva m/ž,/,Delo v tujini,MONTAŽA ŠKOFLEK JANEZ ŠKOFLEK s.p.,https://www.zaposlitev.info/delo/mizar-monter-m-z-2/,"         	Montaža in demontaža pohištva po tujini 	Vračilo na 14 dni, delo v državah Evropske unije",27.1.2021,Tujina,zaposlitev.info
Elektroinštalater m/ž (10 delovnih mest),/,Tujina / EU,GMC KOVI d.o.o.,https://www.zaposlitev.info/delo/elektroinstalater-m-z-10-delovnih-mest/,,22.1.2021,Tujina,zaposlitev.info
Skupinovodja,/,Tujina,Viscars kdsl d.o.o.,https://www.zaposlitev.info/delo/skupinovodja-4/,"         	vodenje svoje skupine delavcev 	skrb za kvaliteto opravljenih del 	poročanje vodji gradbišča oziroma vodji montaže ali direktorju 	pregled in nadzor nad uporabo zaščitnih sredstev 	druga dela po naročilu direktorja, vodje pisarn, v",18.2.2021,Tujina,zaposlitev.info
"Električar v Munchnu, 10 dnevna migracija",/,Munchen,"PAROS MONT, kovinarstvo in montaža, d.o.o.",https://www.zaposlitev.info/delo/elektricar-v-munchnu-10-dnevna-migracija-5/,"        Elektro dela v stanovanjskih novogradnjah, vračamo se na 10 dni",15.2.2021,Tujina,zaposlitev.info
Ključavničar/monter,/,Tujina,Viscars kdsl d.o.o.,https://www.zaposlitev.info/delo/kljucavnicar-monter-4/,"         	vsa ključavničarska dela 	vsa montažna dela 	druga dela po naročilu direktorja, vodje pisarn, vodje računovodstva, vodje gradbišča ali skupinovodje 	druga dela glede na potrebe delovnega procesa",15.2.2021,Tujina,zaposlitev.info
Ključavničar/monter,/,Maribor,Viscars kdsl d.o.o.,https://www.zaposlitev.info/delo/kljucavnicar-monter-5/,"         	vsa ključavničarska dela 	vsa montažna dela 	druga dela po naročilu direktorja, vodje pisarn, vodje računovodstva, vodje gradbišča ali skupinovodje 	druga dela glede na potrebe delovnega procesa",05.2.2021,Tujina,zaposlitev.info
"Vodja skupine električarjev, bauleiter, 10 dnevna migracija",/,Munchen,"PAROS MONT, kovinarstvo in montaža, d.o.o.",https://www.zaposlitev.info/delo/vodja-skupine-elektricarjev-bauleiter-10-dnevna-migracija-3/,        Vodenje skupine električarjev na stanovanjskih in poslovnih novogradnjah,01.2.2021,Tujina,zaposlitev.info
Mehanik m/ž,/,Tujina,NÜRMONT INSTALLATIONS d.o.o.,https://www.zaposlitev.info/delo/mehanik-m-z-3/,"        Nürmont Installations d.o.o., smo slovensko hčerinsko podjetje skupine Baumüller, z nemško matično družbo, in eno od vodilnih podjetij na področju novih inštalacij in premestitve strojev in naprav. Za delo po vsem svetu in podporo našega",01.2.2021,Tujina,zaposlitev.info
Električar Nemčija Passau,/,Passau Nemčija,Sorsada d.o.o.,https://www.zaposlitev.info/delo/elektricar-nemcija-passau-3/,"         	Opravljanje raznih elektromontažnih  del, 	sestavljanje izdelkov in vezanje elektro omaric, 	polaganje električnih kablov in polic, 	izvajanje raznih elektro priklopov in instalacijskih del, 	ostala dela po navodilu nadrejenega.Del",27.1.2021,Tujina,zaposlitev.info
